UserID,Password,Username,Institution Id,Date Joined,Email Id,Phone Number,Fname,Lname
634-54-4443,4fobr8RlV4,9ufhhNFdNF,SP1379,2/24/2020,Audrey_Brooks7485@twipet.com,3-405-405-6151,Audrey,Brooks
207-34-2178,ZXASd7vG78,dO8Lz3XOb4,SP1379,12/11/2020,Adeline_Whatson3759@jiman.org,8-110-838-1820,Adeline,Whatson
752-56-3280,fKEu3Fa6uv,nkfGxybSmL,SP1379,6/13/2020,Sarah_Rowlands2674@brety.org,7-405-414-8020,Sarah,Rowlands
512-43-4344,0RIorVlG2Y,zzrJMoEGRl,SP1379,2/1/2020,Denny_James4954@muall.tech,4-776-728-2886,Denny,James
881-81-3700,3UZE2pIH1R,F16kGiHCbN,SP1379,12/16/2020,Luke_Vallory9152@cispeto.com,2-086-455-4358,Luke,Vallory
710-56-0820,VEYbzFNLEo,Kum2wWWZU8,SP1379,2/15/2020,Holly_Goodman8150@gompie.com,4-536-538-0425,Holly,Goodman
323-86-7122,QTlnUcNlQk,aRnoZPaIN7,SP1379,8/15/2020,Harriet_Bailey3707@sheye.org,4-302-422-3702,Harriet,Bailey
632-61-2658,tTr8SjZPyz,uFbG2jMsYY,SP1379,11/8/2020,Brad_Page 3490@vetan.org,3-557-676-0222,Brad,Page 
708-24-7223,I9fWO2R91r,CNy4MQ5VmW,SP1379,8/9/2020,Winnie_Randall9782@irrepsy.com,0-238-022-5044,Winnie,Randall
403-41-4017,Bmfn6i0DCo,r4y7iRCKjq,SP1379,4/1/2020,Ron_Faulkner7308@qater.org,3-224-760-6830,Ron,Faulkner
340-77-0507,QKRdfKxIr7,Ez9owYMGI6,SP1379,7/15/2020,Vicky_Dyson553@gembat.biz,6-851-581-0802,Vicky,Dyson
141-30-7382,Zm5hJC2dMj,MHldrU1MCg,SP1379,7/16/2020,Benjamin_Wallace2975@nanoff.biz,2-008-182-3664,Benjamin,Wallace
256-40-3504,EKoUXi8cG4,ZtrLJhQ7nN,SP1379,9/10/2020,Percy_Lee631@nickia.com,6-621-162-8357,Percy,Lee
285-60-1535,4ya81Kb84N,HeTtXpRgB7,SP1379,4/7/2020,Rebecca_Kelly4321@yahoo.com,3-686-507-8713,Rebecca,Kelly
684-36-8811,GvpicVvIPu,5taiMRb0P4,SP1379,1/14/2020,Clint_Hall3478@muall.tech,2-428-272-8211,Clint,Hall
075-33-6332,EOEtQuPoeC,Q9Gyuc8dmP,SP1492,2/2/2020,Maya_Addis6846@jiman.org,6-667-832-2118,Maya,Addis
026-08-6887,7bSsGAD5YM,ZE97uSaAtj,SP1492,8/20/2020,Keira_Nicholls9835@eirey.tech,1-678-636-2318,Keira,Nicholls
137-05-8020,xdsMZWspwJ,4BysmYdViO,SP1492,8/6/2020,Jacob_Brown1162@joiniaa.com,6-851-523-2062,Jacob,Brown
055-88-2351,mGngGk6Klz,BPS51jxXkT,SP1492,4/18/2020,Audrey_Durrant7952@gembat.biz,3-100-421-7855,Audrey,Durrant
414-82-7667,ZL7wT1VWkC,2xt0dwAvEx,SP1492,6/29/2020,Louise_Hobson2142@naiker.biz,7-654-038-8021,Louise,Hobson
743-46-7620,HREn4vx8Jz,cohgzYXsU4,SP1492,1/28/2020,Samantha_Leslie5541@eirey.tech,5-101-866-4571,Samantha,Leslie
188-36-6284,JSIYWeZgd4,3NhUAsUsvy,SP1492,3/25/2020,Tess_Gonzales5694@sheye.org,3-707-564-7865,Tess,Gonzales
280-82-3558,qX9cHMUyjr,k4nKl3Hl0z,SP1492,9/7/2020,Claire_Rogers3933@deavo.com,4-221-875-4024,Claire,Rogers
103-08-3574,EIyuxu6v08,mxmRRZZ8xf,SP1483,10/4/2020,Bryon_Sylvester1546@acrit.org,5-107-514-1431,Bryon,Sylvester
661-37-6461,njY1RZLUqZ,HklMq2vMaz,SP1483,1/4/2020,Julius_Lucas3588@deavo.com,4-251-328-5682,Julius,Lucas
277-00-4144,dGfG49rljL,fDd2aw7LWQ,SP1483,10/17/2020,Miriam_Pearce3036@twace.org,8-715-728-1104,Miriam,Pearce
281-77-6783,OEUuRXSUnd,WqjovA0OO2,SP1483,10/16/2020,Elena_Wade1222@yahoo.com,8-076-366-6784,Elena,Wade
674-51-4623,w8fjEEjIom,PPRVklmUx7,SP1483,7/14/2020,Denny_Hall4772@tonsy.org,3-553-751-0312,Denny,Hall
151-22-5348,7fM2WUmBzN,2kYwFA4bmJ,SP1483,8/16/2020,Roger_Allwood4519@infotech44.tech,5-367-023-0343,Roger,Allwood
504-83-1670,QXKwUXsDKx,h2nWadFkGW,SP4838,6/8/2020,Stacy_Robinson4627@deavo.com,4-580-573-0586,Stacy,Robinson
602-68-4860,dUhnbEo7Je,u4BihzdOv8,SP4838,6/21/2020,Alexia_Wright229@supunk.biz,6-175-650-2331,Alexia,Wright
603-48-8546,0ZNKsrkOnc,vCPMCoGIag,SP4838,1/25/2020,Anthony_Bullock3481@irrepsy.com,5-810-568-6540,Anthony,Bullock
307-83-6473,0z1O5baXLM,eVGooQtdiR,SP4838,11/30/2020,Kassandra_Drake1838@vetan.org,0-516-406-1265,Kassandra,Drake
423-25-4331,rrR5kCxMvs,zQyTlAu1A4,SP4838,4/17/2020,Adalind_Clark135@iatim.tech,3-486-643-8878,Adalind,Clark
885-07-8607,PxqUemvtan,wCK0OtEeU8,SP4838,6/27/2020,Doug_Mackenzie5727@supunk.biz,8-021-070-6232,Doug,Mackenzie
514-11-0602,UsfVCHJ1sW,gCXzYUoBWt,SP5838,9/14/2020,Julianna_Ranks5465@vetan.org,6-781-405-2778,Julianna,Ranks
875-06-7120,0c9ZWy3ES2,ojiF1ZTjUQ,SP5838,6/5/2020,Carmella_Veale6371@zorer.org,5-351-148-3870,Carmella,Veale
624-82-1376,obP2DCUk6u,jKBf1PcVCK,SP5838,8/3/2020,Leilani_Cooper8211@yahoo.com,8-643-718-8321,Leilani,Cooper
570-04-0565,o2wWmOL4wx,dNSmOMKT0j,SP5838,4/22/2020,Gemma_Saunders6700@kideod.biz,4-888-032-7602,Gemma,Saunders
605-46-2216,0WuyKuvskx,Cisa1xiI2T,SP5838,12/28/2020,Celia_Ring8115@twipet.com,5-422-465-5208,Celia,Ring
411-21-3056,sHIa1WZPp3,V5dFFfvEBw,SP5838,3/22/2020,Barry_Bell2908@eirey.tech,7-847-158-3175,Barry,Bell
225-15-6000,uaS91bJo4M,GEJXwWhv4K,SP5838,4/19/2020,Chanelle_Marshall9682@extex.org,2-546-211-4272,Chanelle,Marshall
662-54-2087,0B8K0YYg1S,TcKYPsZxAP,SP5838,1/1/2020,Amy_York9682@deons.tech,2-834-013-5443,Amy,York
683-40-5530,5HcErdsTgY,baTQ611b88,SP5838,3/25/2020,Leroy_Eaton3863@bauros.biz,1-307-502-7832,Leroy,Eaton
628-18-2363,pINnWXtPFy,KF8HFRnxN6,SP5838,10/16/2020,Zara_Hale2971@liret.org,6-381-624-2812,Zara,Hale
557-51-5617,0VfMsTxpFX,GFefr2DWql,SP5838,6/1/2020,Rufus_Jenkin5735@extex.org,8-854-037-0388,Rufus,Jenkin
657-71-5001,rFQCkFc28q,XtxvFui9Jm,SP5838,4/23/2020,Kamila_Faulkner1629@mafthy.com,6-372-471-8344,Kamila,Faulkner
314-25-2876,Cln6ahP63V,s51MkxHN9i,SP5838,1/11/2020,Daniel_Nicholls4619@extex.org,8-638-275-6220,Daniel,Nicholls
884-17-2587,afC6SgojJB,PFQCI4vn9j,SP5838,9/22/2020,Lauren_Neal2333@bulaffy.com,7-655-414-2308,Lauren,Neal
810-27-1683,QBqjZD3r4M,rSttcamlIj,SP5838,1/5/2020,Martin_Hancock6134@elnee.tech,4-258-255-6800,Martin,Hancock
